{
  "homography_matrix": [
    [
      0.8801975447264888,
      -0.2595331001178196,
      335.7131174971369
    ],
    [
      -0.8298651394715909,
      0.2623739015929228,
      1106.7804400170298
    ],
    [
      0.004100066683926103,
      0.03823116259571105,
      1.0
    ]
  ],
  "image_corners": [
    [
      207.0,
      515.0
    ],
    [
      170.0,
      455.0
    ],
    [
      560.0,
      365.0
    ],
    [
      845.0,
      425.0
    ],
    [
      960.0,
      370.0
    ],
    [
      630.0,
      310.0
    ],
    [
      710.0,
      170.0
    ],
    [
      1050.0,
      175.0
    ],
    [
      600.0,
      127.0
    ],
    [
      510.0,
      130.0
    ],
    [
      410.0,
      200.0
    ],
    [
      290.0,
      260.0
    ],
    [
      160.0,
      220.0
    ],
    [
      285.0,
      190.0
    ]
  ],
  "real_world_corners": [
    [
      10.0,
      44.0
    ],
    [
      18.0,
      56.0
    ],
    [
      42.0,
      44.0
    ],
    [
      42.0,
      22.0
    ],
    [
      60.0,
      22.0
    ],
    [
      60.0,
      56.0
    ],
    [
      100.0,
      56.0
    ],
    [
      100.0,
      22.0
    ],
    [
      100.0,
      78.0
    ],
    [
      100.0,
      100.0
    ],
    [
      60.0,
      78.0
    ],
    [
      42.0,
      78.0
    ],
    [
      42.0,
      100.0
    ],
    [
      60.0,
      100.0
    ]
  ],
  "average_error": 5.339070519301797,
  "source": "manual_codinates.xlsx"
}